id,subreddit,year,month,text,sentiment
1gqoygc,cscareerquestions,2024,11,"I can’t find enough jobs to apply to. Where are all the job postings? | I’m unemployed right now applying any software engineer and data analyst roles and I simply cant find enough jobs to apply to.

LinkedIn has become so bad that all I see are promoted jobs or jobs thst don’t fit my criteria. Indeed and Glassdoor had some decent jobs but I already applied to them and keep seeing the same ones.

Is this market that bad? I’m a new grad. I literally can’t find the jobs to apply to. 

Any recommendations? ",neg
1b4pqr6,careerguidance,2024,3,Which are the biggest challenges at your corporate job? | What advise would you give to your younger self about working in a corporation? What to learn? What skills are the key? What are the biggest challenges in your opinion?,neutral
199kzb6,jobs,2024,1,"I just accepted a job for 15% less base and.. I think I’m thrilled? | Was at 82.5k, murky 10k discretionary bonus and a small amount of commissions (2.5k)
Last year I was the only one in the org to get a bonus which was a random 5k, no metrics just a “good job”.

Loved the role, didn’t like work life balance, and some team members were less than nice. 

Just accepted a role at small nonprofit for 70k base (negotiated up from 65k) 
A signing bonus of 7.5k (they raised it from 5k in response to my counter) 
A 5k mid year bonus (with clear goals attached to meet it) 
An undisclosed end of year bonus (dependent on personal performance and orgs cash flow) 
And 20 vacation days (negotiated up from 15) 

Overall feeling really excited to leave a toxic work environment to go do some work I can be really proud of with a team of people who all care and want to make a positive impact. They even let me interview staff that weren’t in my interview to get a good feel for the team. 

It’s not always about the money, my mental health will be so much better in this new role and culture!!!",pos
1fvjfm4,careerguidance,2024,10,"Turning 30 and I can see the end of the runway. What can I do to not crash? | I am almost 30.

I have been unemployed for the past 4 years. For 2 years, covid was locking down the world. During those 2 years, I also took care of my mom who had received a terminal brain cancer diagnosis.

When she passed, she left me some money. It has been enough to live on for 2 years. When I received the money, I tried to do the right thing. I put some in savings, put some in investments, and spent some to get through the roughest moments of depression.

I also used some of the money to try and set me up for a career. I enrolled in a coding course in the hopes that I would be able to get a decent paying job at the end.

I found coding to be boring, but also interesting enough to stay committed. However, when I finished my course, the reality of the job market became apparent. Massive layoffs in the tech industry, saturated workforce, I don't have a chance with my little course certificate.

I have been applying to jobs all over the place with no luck. 4 years of not working has made it difficult to get the ball rolling again.

I have enough money to live for a year without working. My current monthly expenses are pretty stable at around $2,000. 

I really would like to get into tech. Watching my mom go through cancer was a pretty horrible experience. If I could get into tech, not only would I have a decent paying career, I could also work on new medical technology.

It has been so long since I have worked. I have worked manual labor, hospitality, and logistics. Every job was paycheck to paycheck and I am terrified of going back to that.

I have no support system. No parents to turn to if shit gets hard, no friends, and no connections.

I am trying to find a job, any job, just to stop the constant outflow of money. It has been difficult to find anything with a 4 year gap and outdated references.

I wanted to think I was a self made man, but I seriously need some help right now. ",neg
1e6ebba,jobs,2024,7,"I just got a call from HR about scheduling a phone screening..... for a job I applied to more than 3 years ago | I was confused as to why I was being called about this role since I'm currently already employed and not actively looking for work, and because I didn't recognize the company's name at all. 

  
I dug through my emails and found the ""thank you for apply!"" email sent by this company dated July 5th 2021",neutral
1c7iecz,jobs,2024,4,"I'm so done! I cannot take it anymore!!!! | I'm officially twenty-three and I've had six jobs since I was nineteen. Two of which I was fired from. The first because I was young, stupid and thought I was hot shit. My last job that fired without any warnings, no discipline, nothing. No body ever told me what I did wrong until I was just fired. I've worked four retail jobs because it's the only thing I can seem to get with my skill level. However I've never been able to hold down those jobs because of my body pain and AuDHD.

I just want to go back in time and the only work I'd have to do is weaving baskets, making/selling pottery, or being a spinster.

Screw this crap 🤬",neg
1avadgm,cscareerquestions,2024,2,"The job market only seems to be getting worse. Is anyone planning a career change?  | How are you going about it? A bunch of my dev friends are all complaining about how they're getting way fewer inbound job offers on LinkedIn, compared to last year. 

And now that we're in our late 30's and early 40's another group is making plans of switching careers entirely. 

I'm curious to know, am I stuck in an echo chamber or is this how the dev community globally feels? 

Honestly, it's making me wonder if I should consider creating a career advisor AI. I've previously built a patented model in the parenting space, to help parents make better decisions for their child's future. I could apply the same principles of human development, tweak it for adults, to map your competencies, traits, and identify what alternate careers you'd have the greatest chance of finding fulfilment in, while remaining lucrative.

Thoughts?",neg
1g3f00s,cscareerquestions,2024,10,"Personal reads on the state of the job market. | Could people share there own experience with the job market at this point. Obviously it's been bad for a while but how, in your own personal experience, does it compare to 6 months or a year ago?  
 I've been finding many different conflicting sources of information. Some graphs of job listings say that decline in openings has leveled off, but I'm also seeing very recent articles about the severity market downturn of the kind you would have expected to see in late 2023, like these publications are just now getting the data describing concretely what we've been feeling all this time.  
For me, I keep hearing every few months of so that the market is picking back up, only to find one month later that if anything it is still somehow actually getting worse. This has been a pattern for at least a year now.  
In my own experience, if anything job postings have actually continued to drop, and the likelihood of getting an interview is still very low, and it doesn't seem like the market has really recovered at all since late 2022 into early 2024.  
Can anyone else share their reads on how the state of the job market has been developing over, say, these last 6 months?",neutral
1hbhdg3,cscareerquestions,2024,12,"End of year review, company said they aren't sure about a return offer yet | I started interning at a small software consulting company as a Software Engineer in May 2024 (<50 employees). I'm in my last year in college and am graduating in May 2025.

They asked if I'd be able to keep working throughout the school year, so I'm currently working there. 

I just had my end of year review, I got an average meet expectations, with a couple exceed expectations on some company standards and test meet expectations. 

I asked about a return offer, my manager said that they try to employ most interns. He said i have the skills to be a full time engineer, and that he would want to employ me, and that other people I've worked with have said they enjoy working with me. But then he said he isn't too sure as of right now because he isn't sure about how much work they will have next year, and that it's too early to tell if the budget can afford new employees. 

I'm incredibly saddened and stressedby this response, I've been trying so hard and putting in 100% of my effort since day 1. I come from a shitty no name school, and have only had two other mid tier internships not including this one (one is IT technician, one of them is backend dev). 

What does my managers response mean? I was banking on the return offer, as it is likely my best chance at being employed at all. I'm really stressed for the market post grad. ",neg
1c0pqt8,jobs,2024,4,I Applied For And Was Rejected By My Own Job (Explanation in comments),neg
1gcs4tj,jobs,2024,10,"I’m quitting today  | I took this job a month ago, and from the get go it was red flag central. They had me come in on my days off during my two weeks to get some training done because the girl training me would be leaving for maternity leave on my second official shift.

The first day I came in, it’d been planned for a week, they had nothing ready. I sat there for 4 hours, while she filled out her maternity leave paperwork, and then was told to go home and come back the next day off and they’d be ready for me.

Came back, same thing, nothing was ready, sat around for about 3 hours before they were like just go, it’ll be ready on your first day. 

^neithet of these instances were paid.

Came in, worked with her for a day. Then it was just me. No managers or anyone came to check on me for the entire time I’ve been here. I’m coming from the same position but a different industry, so I have questions, but when I seek them out im told “just get them in.” (I’m an appointment setter for a car dealership).

Then, they just changed the process so that my department no longer gets first touch on leads — which basically means im going through “dead” inquiries to try and find fresh appointments to schedule while the sales people get first touch and schedule the appointments. I get paid by appointments I set, so this feels like they just cut off the flow of money. 

I’ve also had managers go into customers im actively working and scheduling the appointment so I can’t even though the customer hasn’t given a firm time. Actively cutting off my ability to make that money. 

Then? Yesterday they pulled us into the office and told us to say whatever we need to say to get customers in—lie about the price, lie about the car availability, etc. they don’t care if the customer gets pissed they just want warm bodies thru the door—and this does not align with my personal values at all. 

So I’ve been looking for a job, and I found one an in a new industry doing something similar but altogether different, and I hesitated about it because I was worried about starting over again and the pay dates mean I’ll go a month with 4 days of pay, but I ended up taking it and they want me to start Monday.

So I plan to quit today. I was gonna text or no call no show, but I want to try and get my commission, which a lot of dealerships will consider forfeit if you do those things. So im planning on quitting at the end of my shift? But I don’t know the best way to do it to maintain goodwill so they’ll actually pay my commission—because, again, if they don’t I’ll go thru November with only 4 days of pay paid out on the 15th. 

So any advice on how to do a last minute quit with no notice to maintain goodwill despite would be incredible? ",neg
1cz2h2c,cscareerquestions,2024,5,"Anyone else here been laid off for 2ish years? | How are you guys feeling? I got laid off from my first software engineer role in October of 2022. It was a great experience, I thought I was going to have a flourishing career but then I got laid off and couldn't get a new job to save my life. :( Has anyone else here been laid off for the same amount of time as me? I've submitted more than a thousand applications and only heard back from 3 or 4 companies. Got ghosted from all of them. My savings are being depleted. I feel like such a failure, I've no idea what I'm doing in life. I'm curious how the rest of you are hanging in there. ",neg
1ax97lv,jobs,2024,2,Applied for redbull job and got asked the goofiest questions | There's a lot of questions I didn't screenshot that didn't make any sense. Why are companies doing this,neg
1fqljhz,jobs,2024,9,"Am I the only one that thinks its crazy to buy your boss a gift? | I guess national bosses day is coming up and one of my coworkers wants everyone to pitch in $20 for some elaborate basket for them.

Am I wrong in thinking this is dumb as hell? Like why are we buying our boss who makes 3x our salary a gift? Thanks for letting us suckle your teet!",neg
1hivkpo,careerguidance,2024,12,"Negotiated a salary before the end of interviews. Subsequent offer was 30k less. They said it was the best they could do even after initially agreeing. How should I proceed? | As with all companies, there are series of interviews before an offer. I negotiated a salary during what I thought was the last interview. They accepted it. Later I had two more interviews. After fifth chat, they made me an offer 30k below and said that it was the best they can do. 

I haven’t made this much since 2013. It’s 12 years of regression even after an additional degree. Not sure what to do. I think the experience transitioning industries will be valuable but I’m really disappointed by the alleged miscommunication. 

",neg
1hgqila,cscareerquestions,2024,12,"I got offered an internship with ""deferred"" payment  | I applied for a paid internship through my university career site, and the listing seemed legit. I recently had an offline meeting with the founder of the startup, and here's where things got weird.

The founder told me about the company and its patents, claiming he's been working on this product for 8 years. According to him, the company is ""close to completion,"" and a certain electric car company CEO is set to review their product in 4-5 months. He seems very confident the company will succeed and get acquired or secure funding soon.

Here’s the catch: the internship is on a ""deferred payment"" plan. Essentially, I would fill out a timesheet, set my own hourly rate, and log my hours. BUT I’d only get paid once the company either:

1. Gets acquired by a big player (e.g., the car company mentioned)


2. Secures funding.


This all sounds very ""too good to be true"" to me. I’d essentially be working for free now in the hopes that someday I’ll get paid. I get that startups are risky, but this feels like a gamble with my time.

I want to get industry experience, but I’m wary of being taken advantage of. Should I run, or am I being overly cautious? Has anyone dealt with something like this before?

Would love to hear your thoughts or advice!
",neutral
1ebrrl9,jobs,2024,7,"I lost my job yesterday | I lost my job yesterday and it feels like being kicked out of a cult 😭😂 At first I was kind of hurt about it, because there were a few other other people they could have fired before me, but they bought into the “we’re alll a family” game and I didn’t so…meh. But now I’m just laughing at the absurdity of the situation. 
",neutral
1dn9kst,careerguidance,2024,6,"How do I put myself out there as a housekeeper and caretaker (possibly live-in) without being sexualised or getting stuck with 5 kids all day? | US if it matters, am female.

I want to be a permanent housekeeper, caretaker, and tutor or chef, possibly a live in one. I actually prefer working around children or families since I cannot have a family of my own and I am used to being in a loud environment with at least 2 kids, I prefer fast paced and heavy workload..

How do I advertise myself and get hired without getting trapped in the ""watch my 5 kids while I disappear"" or ""husband has a mistress"" situation? I've gotten stuck in the first before, I've gotten so many proposals for the latter even when I mention platonic only. I'm good at cleaning but otherwise I don't have the skill to get a commission for a high class family where things are professional or tailored to expectation.",neutral
1br3tt7,jobs,2024,3,"21M about to work 60 hours a week, scared | I am currently going through the process of starting a new job in pest/animal control. This job will be 8hrs mon-fri. I am also keeping my current job as part time, in a liqueur store, will be getting 20-25 hrs a week from that. I am desperate to work and make money. and I have student loans to pay, rent and car. this way ill be brining around $2k profit a month into my bank account  after expenses and actually stacking cash. I am super energetic and will also try to fit in 2hrs of gym a day consistently. But i heard a lot of negativity about working 60 hours and how it can break you or burn you out, any advice/tips? also anyone doing this right now, how are you managing? 

Thank you reddit!",neutral
1bagiu7,jobs,2024,3,"Working til die, for living",neg
1hgaojq,cscareerquestions,2024,12,"Got rejected, feeling discouraged  | Yesterday, I received an email from Fetch Rewards regarding a backend engineer position. They are not moving forward to the final round panel interview with me. A few weeks ago, they sent me a take home assessment to complete, and scheduled the first round technical interview with me days later. I had that interview last Friday. 

I feel that the interview went pretty well overall. The live coding was a bit iffy as it was my first real technical interview, but I still feel it didn’t go badly. Everything else in the interview I was confident went very well. He said they fill out a scorecard afterward and send it off to the recruiter. 

Needless to say, I am disappointed. 1000+ applications, this is the only interview I’ve had. I have 1.5 YOE and am currently employed at a startup, where I am being paid $30k after being promised my “real” salary back in June. June came and went. My boss is 65+ and not technical whatsoever. 

We have burned through basically all of the investor money, but the main developers are all located in India. He is also wanting major changes done weekly, changing his mind constantly. It is a shit show. This is why we haven’t fully launched yet and haven’t been making money. 

What do I do? I have nowhere else to go to. That was my only interview after countless applications. My resume is fine, my cover letter is fine, I have very strong soft skills and people skills, and think I am a competent developer. I don’t know why this is so difficult to find another job whilst being currently employed. ",neg
1g9fj8q,careerguidance,2024,10,"Another company offered $13,000 more, but I like where I'm at.  Do I take the jump?  | Hello everyone.  I work in education as a School Psychologist with about 500 students.  It is a very open market for school psychs right now, a lot of people are switching districts on a yearly basis. 

I really love the school I'm at.  Surely all places have their ups and downs.  I received a direct offer from another district to start in November that would actually have me working with 150 less students while getting a pay raise of $13,000 compared to what I get now. 

I cannot leave mid-year or else my licensure will be flagged.  My thoughts are about next year.  I'm stuck.  Do I stay?  Do I leave? 

I love the students and would hate to leave, but being closer to home and getting more $ almost seems like a no brainer.  But...I just feel horrible about leaving the school!  ",pos
1ev9f28,careerguidance,2024,8,"Am I doing my self a disservice by not having a LinkedIn? | 30F and I’ve been at my current company for 4 years and I have never had a LinkedIn. Partly because I self conscious about my resume/What I do. potentially being visible to my peers and folks I went to school with. 

I know it sounds ridiculous but I’ve always not liked when people know where I work. I’m also not where I want to be career wise at 30 and a bit embarrassed. 

Is LinkedIn the place to be to get a job or can I continue my job search without it. 

Background: General BS degree. Currently working in Customer Support/Operations job. ",neutral
1cg6wog,jobs,2024,4,"Has anyone taken a lower salary for an interim period? | If you were accustomed to making 115k for the past few years, would you accept a 100k offer after a  
slow month of job searching?

My thought is despite the lower pay, I can still hunt for something better while generating income.

Any takes would be appreciate",neutral
1c9z3gs,cscareerquestions,2024,4,"Accepted offer from NVIDIA, then got offered better role at Apple | I accepted an offer for an internship from NVIDIA about 4 months ago, telling them that I would be working with them during the summer. However, later on, I got offered a better role at Apple (same pay). I told the HR at NVIDIA that I would not be joining them for the summer as ""that would not be the best descision for my career long term"". The HR was pretty understanding, and was asking more details about what other company I am joining, what role, so that they can better understand my decision making process. Should I reveal information about where I am going to them, in the hopes that I am not put on the NVIDIA-internal blacklist?",pos
1cb8ax9,cscareerquestions,2024,4,"How important are RECENT projects in unemployment? | After receiving my B.S. in CS and gaining 2 YOE as a Software Engineer I was laid off from my last company in May 23' and have been searching ever since. After 1000+ applications to entry-level positions with relatively low engagement I am deeply concerned for my future in this industry. I've had my resume reviewed and changed countless times, reached out to every connection I have, and scoured every job posting site I could to no avail. I'm thinking the main hiccup may be my lack of GitHub projects since graduation - I don't often code in my free time - how important are RECENT projects and is it quality or quantity of coding projects that is more relevant to companies? Any insight would be greatly appreciated!",neg
1haoe9o,jobs,2024,12,"I finally found a job after a 2 year search! | I have just signed for a new position! My job has been nothing but micromanagement and no promotions for the past 3 years. My mental health has worsen due to my current job, but I am drafting my resignation letter as we speak!  
  
If you are struggling with your job search, do not give up. ",pos
1c39fc3,cscareerquestions,2024,4,"Is an MS worth it?  | My company will fully pay for me to get a masters degree if I choose. It seems too good to pass up but I also didn't know if it'd open up more doors? I have a BS in CS and would be interested in pursuing an MS in data science or machine learning.

For those of you who have a masters degree, did it land you more interviews? Did it help in your day to day job? Did it help you get higher salaries? ",neutral
1ccd9fq,jobs,2024,4,"Got called a job jumper today when I have been at my current job for 3 years. | I agree though, I am a job jumper.  Before this job I moved about once a year.  

I have resigned twice at this job and took the counter offer both times.  So I would have looked even worse on paper if they had known that.  

One of the panel members even asked me what I was interested in besides the paycheck.  

I only work for the paycheck, not out of love for work.  I guess I am staying where I am at.  No big deal.  ",neutral
1avvmnq,jobs,2024,2,Has anyone ever had trouble getting over a toxic job after dealing with a toxic manager?  | I have already started a new job and moved on but mentally seem to still be cautious about my new job because I still get paranoid that I will have another bad experience like my last job. Old job was toxic and had a manager that favored other people and once I called her out on it and she tried to basically fire me and make it hell if I stayed so I quit and found another job but was wondering if it’s common to still be bothered by it months later. ,neg
1hcwxhq,cscareerquestions,2024,12,"I feel like I’m giving massive underperformer vibes | I cant exactly put my finger on why. I regularly take care of high-priority bugs and features, I never exceed time estimates nor schedule for my tasks, I communicate with my team and other teams as best as I can but I still feel like I’m massively underperforming.

It might’ve something to do with experience. I only have a couple formal years while everyone else in my team has way more. Some have been in this company alone for around 5.

It’s the worst during code review. Every time someone has a suggestion for solving a problem in a more balanced way between efficiency and readability and while I make sure to take it as a learning opportunity offered me by someone more experienced I can’t help but feel that they’re disappointed to a degree that I didn’t come up with it myself. It got to the point of me hesitating to ask for advice in fear of coming off as unqualified and spending way more time on tasks than I realistically need overanalyzing my code.

At what point do those concerns become valid? I think if you start getting a feeling that you’re underperforming this means you probably are, so what’s my best course here? Should I ask for more work? Attempt getting even more serious tasks? Take some after-work time to analyze some of my team’s code to better understand their way of thinking? I need a reality check right now",neg
1bepikk,jobs,2024,3,"Almost a year since I’ve graduated and still unemployed  | I graduated last May and since then I’ve applied to more than 200 jobs and I’ve only gotten 4 interviews. They’ve been mostly entry level consulting and project coordinator roles. I’ve made multiple changes to my resume and it’s finally good enough to use. I made a separate resume for part-time jobs but I’m getting rejections from those too and they’re mostly retail and reception roles. Honestly, I don’t know what else to do, I’m an Economics major and I have three internships done, I’m not sure what these companies are looking for from a fresh graduate. I either get rejected or ghosted from every job and I’m not even considered a recent graduate anymore. I feel like I’m just wasting my time being unemployed and it’s just so discouraging.",neg
1gjpwp3,cscareerquestions,2024,11,"CS & IT hiring going 'back' to 2019 levels is much worse than it sounds | Most data points to job openings and hiring returning to around 2019 levels. What people seem to conveniently leave out, however, is the immense number of people now competing for these roles compared to then. We have five more years of computer science and IT graduates (about 70,000 to 120,000 per year, with a 40% rise since 2019), five more years of H1B’s, bootcamp graduates, and the self-taught crowd. On top of that, most companies are prioritizing efficiency, meaning juniors aren’t being hired—it’s primarily seniors or higher-level positions being filled, and even they are struggling.

Right now, a fair comparison is the early 2000s dot-com bust, due to the ratio of total people in the field to available job openings. Really this market is affecting nearly all white-collar comfy office jobs, but tech has been hit the hardest due to the perceived lower barrier to entry and higher pay.",neg
199cjdi,cscareerquestions,2024,1,"A startup wanted me to work 10 am to 10 pm, 6 days a week | So some time ago [I was laid off from a startup](https://www.reddit.com/r/cscareerquestions/comments/171l6nv/just_got_laid_off_fired_from_a_startup_after_6/) and I started looking for work. In my emails was this recruiter from an NYC company called Fiber.ai, they do some AI bullshit, same as every other YC company that came out in the last couple of years. After talking to their recruiter for a sad moment, I wanted to share the company's (now deleted, or sadly, filled) [job post](https://web.archive.org/web/20230930112831/https://www.ycombinator.com/companies/fiber-ai/jobs/EqV3p4a-full-stack-engineer), and it has some incredible gems:

- > $80K - $160K / 0.10% - 0.50%

    - Ah, starting off strong, who wouldn't want to make $80k in NYC? I won't even bother mentioning the pitiful equity.

- > We raised >$4M, generate >$25k MRR, and signed 3 paid pilots with mid-market enterprises that will cumulatively convert at $470,000. We achieved all of this in just 6 weeks and are looking for someone who's *self-driven and autonomous* to build product that customers will be using every day as a core part of their workflows.

    - Translation: you will be doing all of the work.

- > This job will require you to be a Swiss army knife of an engineer

    - Translation: *you will be doing all of the work*. Better than a rockstar, I suppose. Their list of tasks is also hilarious, they're looking for 5 different engineers, not one.

- > We’re looking for a talented full-stack engineer to help us build out our automated prospecting, enrichment, and email personalization pipeline alongside our CTO, Neel, who was formerly at Google and did CS at Harvard (top 5%). You’ll be wrangling tens of gigabytes of data a day, using GPT4 and genAI tools to create hyper-personalized messaging at scale

    - Hear that? *Tens* of gigabytes! Nevermind the authority-building through working at *Google* and going to *Harvard*, what prestige!

- > We will be working 3 days in person in NYC 10am to 10pm in a private office with flexibility to work 2 days remote. We are looking for someone self-driven who can work 55-60 hours a week, and we will compensate you well to make it worth your while.

    - And here's the best part, work 10 am to 10 pm daily (the recruiter specifically said it's a 6 day workweek from Monday through Saturday), and they'll make it ""worth my while"" with $80k. Classic. 

---

This is not even to talk about their interview process which was just abysmal. The recruiter calls me and tells me about the work schedule, and I just couldn't believe it at first. Do they really expect people to work 12 hour days? He said, yeah, but only for 18 months until the product is off the ground, as if that's any better. Just out of sheer curiosity, I asked what the next step was.

He said you'll have to do a take-home project. Here we go again, I thought, another take home, another rejection. I had previously done one a week prior which they explicitly told us was to be done in no more than 2 hours. It was a basic React/Node/TypeScript task, creating an API and creating a frontend to display it. So I thought it'd be in the same line, but I should have known from the 60 hours a week part that they'd want something completely insane.

It was a *20 hour* take-home project. That is literally half of a normal working week. I was so flabbergasted that it was literally *10x* the length of my previous take-home that I asked the recruiter, exactly how many people have actually gone through the take-home? Sheepishly, he said none, and I said, wow, what a surprise, who'd have thought? After that, I told the recruiter to tell the founders that I'm pretty sure only people with no life would want to join their company (which is likely exactly the kind of person they're looking for), and then I hung up the phone.

Good riddance, and may God have mercy on the soul of whomever they filled that position with. And that layoff I was a part of? I'm doing a lot better now at a larger company, getting paid more and doing less work. Startups are something else, man.",neg
1hqazsb,jobs,2024,12,"Has anyone been unemployed for a long time now in this job market? | 
Like 2 or more years?, if yes, how do you survive day by day?, do you live in your car?

 the job market is very bad in 2024, the next year 2025 won't be much different if not getting worse. ",neg
1h7gwj0,jobs,2024,12,Job opening,neutral
1b9qfnq,cscareerquestions,2024,3,"unprofessional recruiter | This FAANG recruiter reached out to me via linkedin and scheduled a call.

She didn’t show up. No cancellation notice.

I followed up afterwards. She then responded that she’s only considering candidates with at least 7 years of experience. I’m not a new grad, but I don’t have 7 YOE

Honestly, she had my LinkedIn profile. So why didn’t she just read my profile first before scheduling an interview? Can’t she read and see my experience? And then just leave me hanging? Not a single word of apology. Waste of my time.",neg
1bnvjbe,jobs,2024,3,"*RANT* So my wife's paid maternity leave was denied | Because she delivered 1 week before her 12 months at her new job. 

I think she will work less to catch up for this leave.",neg
1cis6vy,careerguidance,2024,5,"Salary vs total comp? What is more important to you? | Some of unusual perks I get include company car+10k tuition+10% 401k match+20% bonuses. 

Would this offer be appealing to you even if base salary is lower than what you want? What is included as total comp in your opinion? ",neutral
193fxyh,jobs,2024,1,"A friend is getting divorced and has been a stay at home dad for his adult life, doesn’t know what to look for | Posting for a friend. He’s getting divorced from an independently wealthy person and signed a prenup. Nobody knows what the property settlement and/or alimony will look like yet so he wants to start working in case the settlement doesn’t go his way. 

He’s been a stay at home dad for his whole adult life, has no college degree and no work experience for at least a decade. I’m trying to help him figure things out. Other than restaurants and call centers, where would you recommend looking for a job while things work through the courts and/or until he gets more qualifications to do something more skilled?",neutral
1dkom2p,jobs,2024,6,"Requires a Bachelor's Degree and pays minimum wage (Canada, BC). You can't make this shit up.",neg
1c2ghc1,jobs,2024,4,Just got my first post interview rejection  | I felt like I did really well during the interview and everything too. I really thought I was a good candidate but was rejected stage 1. I know rejections are normal but this is my first time getting an interview in 2 months of job hunting. I feel do devastated. I know I'm being dramatic and silly but it just hurts so bad. ,neg
1crcnnw,careerguidance,2024,5,"Well… I was just put on a PIP. What’s next? | I have been regularly working 60-80 hour weeks, working weekends, taking on the work of my team while they departed, saved significant SG&A, cut costs like a mad man, spent way too much time away from my family and this PIP still happened. Never in my career have I been in this position. 

Honestly, I’m panicking deep down and scared to tell my wife. I don’t know what to do. The job market is brutal. 15 years of progressive sales experience leading teams and growing businesses. 

TLDR: I’m panicking with the PIP and don’t know what to do. Maybe I’m just venting, but I’m scared. Any suggestions? I know the odds are not ever in your favour to beat a PIP. ",neg
1bjeomw,careerguidance,2024,3,"Fucked up choosing a career that doesn’t pay very well? | 
Im a 27 year old CFD engineer in the uk

I didn’t realise when I was younger just how much I would hate being the mate who has less money than everyone else. I wanted to do something interesting and I thought hard work would eventually pay off. Specifically if I did something really technically challenging, the money may come later.  

It hasn’t. All my mates make more money than me and will continue to do so. They all chose law or finance and I screwed up. And I don’t enjoy my life because of the lack of funds. 

What do i do? ",neg
1cwhohk,careerguidance,2024,5,"Leaving a $100k marketing job to not stare at a screen anymore? | On mobile, apologies for any formatting errors. I’ve been at my current job for about 6 months. It’s a fully remote marketing manager position at a tech company. I realize this is a dream job for a lot of people, but I’m miserable. I hate staring at a screen all day, the work doesn’t stimulate or interest me in any way, and I’m incredibly stressed all the time. I’ve been trying to have the “work to live” mentality, but I work long hours and late nights, and I’m too drained and depressed at the end of the day to do anything I enjoy. I feel like I’m watching my life slip away. 29f with a bachelors in communication/media. I live alone so no financial buffer from a spouse or parents. Making just under 100k now, mid-to-high COL area. I could afford to take a small pay cut but not a huge one. I’d be okay with a job that has computer work like 50% of the time, but I want to get away from doing data analytics and mindless corporate tasks all day long. I’m good at writing and graphic design, and I have experience working in TV news, radio, and events planning as well. I would love to do something that gets me out of the house during the day. Something that involves using my hands. Everything I’ve looked at in the realm of events/design/media will not pay enough to cover my rent. I feel so trapped, like I’ve gone down the wrong path for too long and now I’m doomed to rot in front of a screen for the rest of my life. Are there any career options that don’t involve starting over completely? ",neg
1e2deaz,careerguidance,2024,7,"Will I be able to make a career and not to die homeless? | I (27F) need to choose a career path as I currently have no savings and no prospects in life.

My work experience includes remote technical support (4y in total) and then after moving to London, I worked as an admin assistant and medical receptionist (2y in total) as I could not secure better jobs.

I have a Bachelor's degree in History but cannot see myself as a teacher (I liked history in school and got a scholarship which is why I chose it)

My current interests are related to programming and design such as creating websites,  mockups and animations in Adobe AE. I tried to apply for Front End developer roles but did not get any interviews so I stopped searching currently. I am thinking about going to uni to study Engineering or CS part-time but it seems that nowadays it is impossible to get a job in this field.

As a kid, I liked to draw, write stories and dance.

I have no idea what to do with my life as I do not have anyone to help me financially while I am looking for my vocation so I need something that will provide for me for sure.

I would appreciate any suggestions",neg
1dib45d,jobs,2024,6,"How bad of an idea is it to use all my PTO just to demonstrate to my boss how much I do | Hi all,

I was recently passed over for promotion despite a glowing review and no criticism. I was told next review cycle would be the time. I didn’t even know the promotion was possible until a colleague got it at the same review but joined a couple months after me. I’m currently looking for another job but in the meantime I’m wondering this:

My direct supervisor who passed me up for promotion would be directly responsible for completing my work while I’m on PTO. So, how stupid would it be for me to just use my remaining 2 weeks of PTO right now as a  “Now you’ll see how much work I do everyday”

I’m already preparing for leaving this position and I don’t get to keep unused PTO anyway so how bad can this be? ",neg
1gaid09,jobs,2024,10,"Embarrassed but feel it's necessary  | I have not worked for a month and a half and have no income.  Last few jobs have been terribly toxic. So no great recommendations. 

I can't find a job in my field. 

So, I took a job at McDonalds to bring in some money.  I'm late 50s working at McDonalds. 

I don't know if I should be proud I do whatever it takes or be embarrassed. ",neg
1b5mkzx,jobs,2024,3,"People that constantly apply and switch jobs all the time to increase your pay... how do you convince recruiters to hire you?? | Seems like the norm these days for the younger gen to hop jobs. 

But normally I'd assume recruiters who see candidates that only have less than a year experience at a company as a red flag, especially if they have multiple stints of less than a year. What reasons do these job candidates give on why they're job hopping for then?? Not like they can just frankly say, ""oh I just want better pay""",neutral
1byfgyq,cscareerquestions,2024,4,"Lost My Software Engineering Job, Now What? | I've always been passionate about coding. I earned my BSc in Computer Science, thrived in university, but struggled to find software engineering opportunities in my developing country. Freelancing kept me afloat for a while (mostly website development), but the pay and project flow were terrible.

To make ends meet, I became a programming tutor. It wasn't my dream, but I was good at it. After two years, I finally landed a remote software engineering role at a US startup. It was challenging, well-paid, and a fantastic growth experience... until the startup failed, and I was laid off.

Now, finding another job feels impossible. The market's brutal, especially for someone like me – aiming for remote work from a developing country. Plus, all the buzz is about AI. I'm at a crossroads:

* **Pivot to AI?** Web development feels saturated, but is an AI shift the answer?
* **Get my Master's?** But what's the plan after the degree? The competition is fierce.

Honestly, I'm lost. Any guidance from you would be hugely appreciated.",neg
